날짜,매매기준율,전일대비,현찰살때,현찰팔때,송금보낼때,송금받을때,T/C살때,외화수표팔때
2017.01.02,1210.0,5.0,1231.17,1188.83,1221.8,1198.2,1224.52,1197.32
2017.01.03,1207.0,3.0,1228.12,1185.88,1218.8,1195.2,1221.48,1194.33
2017.01.04,1203.0,4.0,1224.05,1181.95,1214.7,1191.3,1217.43,1190.43
2017.01.05,1190.0,13.0,1210.82,1169.18,1201.6,1178.4,1204.28,1177.54
2017.01.06,1196.5,6.5,1217.43,1175.57,1208.2,1184.8,1210.85,1183.94
2017.01.09,1204.5,8.0,1225.57,1183.43,1216.3,1192.7,1218.95,1191.83
2017.01.10,1200.5,4.0,1221.5,1179.5,1212.2,1188.8,1214.9,1187.93
2017.01.11,1199.0,1.5,1219.98,1178.02,1210.7,1187.3,1213.38,1186.43
2017.01.12,1179.5,19.5,1200.14,1158.86,1191.0,1168.0,1193.65,1167.15
2017.01.13,1175.5,4.0,1196.07,1154.93,1187.0,1164.0,1189.6,1163.15
2017.01.16,1184.0,8.5,1204.72,1163.28,1195.6,1172.4,1198.2,1171.54
2017.01.17,1170.0,14.0,1190.47,1149.53,1181.4,1158.6,1184.04,1157.75
2017.01.18,1171.5,1.5,1192.0,1151.0,1182.9,1160.1,1185.55,1159.25
2017.01.19,1178.0,6.5,1198.61,1157.39,1189.5,1166.5,1192.13,1165.65
2017.01.20,1176.0,2.0,1196.58,1155.42,1187.5,1164.5,1190.11,1163.65
2017.01.23,1169.0,7.0,1189.45,1148.55,1180.4,1157.6,1183.02,1156.75
2017.01.24,1166.5,2.5,1186.91,1146.09,1177.9,1155.1,1180.49,1154.26
2017.01.25,1166.0,0.5,1186.4,1145.6,1177.4,1154.6,1179.99,1153.76
2017.01.26,1167.0,1.0,1187.42,1146.58,1178.4,1155.6,1181.0,1154.75
2017.01.31,1162.0,5.0,1182.33,1141.67,1173.3,1150.7,1175.94,1149.86
2017.02.01,1158.0,4.0,1178.26,1137.74,1169.3,1146.7,1171.89,1145.86
2017.02.02,1143.5,14.5,1163.51,1123.49,1154.7,1132.3,1157.22,1131.47
2017.02.03,1148.0,4.5,1168.09,1127.91,1159.2,1136.8,1161.77,1135.97
2017.02.06,1138.0,10.0,1157.91,1118.09,1149.1,1126.9,1151.65,1126.08
2017.02.07,1148.0,10.0,1168.09,1127.91,1159.2,1136.8,1161.77,1135.97
2017.02.08,1146.0,2.0,1166.05,1125.95,1157.2,1134.8,1159.75,1133.97
2017.02.09,1144.0,2.0,1164.02,1123.98,1155.2,1132.8,1157.72,1131.97
2017.02.10,1150.0,6.0,1170.12,1129.88,1161.2,1138.8,1163.8,1137.97
2017.02.13,1150.5,0.5,1170.63,1130.37,1161.7,1139.3,1164.3,1138.47
2017.02.14,1138.0,12.5,1157.91,1118.09,1149.1,1126.9,1151.65,1126.08
2017.02.15,1141.0,3.0,1160.96,1121.04,1152.1,1129.9,1154.69,1129.07
2017.02.16,1141.0,0.0,1160.96,1121.04,1152.1,1129.9,1154.69,1129.07
2017.02.17,1150.0,9.0,1170.12,1129.88,1161.2,1138.8,1163.8,1137.96
2017.02.20,1147.5,2.5,1167.58,1127.42,1158.7,1136.3,1161.27,1135.47
2017.02.21,1147.0,0.5,1167.07,1126.93,1158.2,1135.8,1160.76,1134.97
2017.02.22,1144.5,2.5,1164.52,1124.48,1155.7,1133.3,1158.23,1132.47
2017.02.23,1136.5,8.0,1156.38,1116.62,1147.6,1125.4,1150.13,1124.58
2017.02.24,1131.0,5.5,1150.79,1111.21,1142.0,1120.0,1144.57,1119.18
2017.02.27,1134.5,3.5,1154.35,1114.65,1145.6,1123.4,1148.11,1122.58
2017.02.28,1130.0,4.5,1149.77,1110.23,1141.0,1119.0,1143.56,1118.18
2017.03.02,1144.5,14.5,1164.52,1124.48,1155.7,1133.3,1158.23,1132.46
2017.03.03,1157.0,12.5,1177.24,1136.76,1168.3,1145.7,1170.88,1144.84
2017.03.06,1155.0,2.0,1175.21,1134.79,1166.3,1143.7,1168.86,1142.84
2017.03.07,1149.5,5.5,1169.61,1129.39,1160.7,1138.3,1163.29,1137.44
2017.03.08,1152.5,3.0,1172.66,1132.34,1163.7,1141.3,1166.33,1140.44
2017.03.09,1160.0,7.5,1180.3,1139.7,1171.3,1148.7,1173.92,1147.83
2017.03.10,1155.5,4.5,1175.72,1135.28,1166.8,1144.2,1169.36,1143.33
2017.03.13,1147.5,8.0,1167.58,1127.42,1158.7,1136.3,1161.27,1135.43
2017.03.14,1150.5,3.0,1170.63,1130.37,1161.7,1139.3,1164.3,1138.42
2017.03.15,1147.0,3.5,1167.07,1126.93,1158.2,1135.8,1160.76,1134.92
2017.03.16,1130.0,17.0,1149.77,1110.23,1141.0,1119.0,1143.56,1118.13
2017.03.17,1131.0,1.0,1150.79,1111.21,1142.0,1120.0,1144.57,1119.12
2017.03.20,1118.0,13.0,1137.56,1098.44,1128.9,1107.1,1131.41,1106.23
2017.03.21,1119.5,1.5,1139.09,1099.91,1130.4,1108.6,1132.93,1107.73
2017.03.22,1121.0,1.5,1140.61,1101.39,1131.9,1110.1,1134.45,1109.22
2017.03.23,1121.5,0.5,1141.12,1101.88,1132.4,1110.6,1134.95,1109.72
2017.03.24,1122.5,1.0,1142.14,1102.86,1133.5,1111.5,1135.97,1110.62
2017.03.27,1108.5,14.0,1127.89,1089.11,1119.3,1097.7,1121.8,1096.83
2017.03.28,1113.5,5.0,1132.98,1094.02,1124.4,1102.6,1126.86,1101.73
2017.03.29,1113.6,0.1,1133.08,1094.12,1124.5,1102.7,1126.96,1101.83
2017.03.30,1118.0,4.4,1137.56,1098.44,1128.9,1107.1,1131.41,1106.23
2017.03.31,1118.5,0.5,1138.07,1098.93,1129.4,1107.6,1131.92,1106.73
2017.04.03,1118.0,0.5,1137.56,1098.44,1128.9,1107.1,1131.41,1106.23
2017.04.04,1124.5,6.5,1144.17,1104.83,1135.5,1113.5,1137.99,1112.62
2017.04.05,1127.5,3.0,1147.23,1107.77,1138.5,1116.5,1141.03,1115.62
2017.04.06,1131.0,3.5,1150.79,1111.21,1142.0,1120.0,1144.57,1119.11
2017.04.07,1136.0,5.0,1155.88,1116.12,1147.1,1124.9,1149.63,1124.01
2017.04.10,1143.0,7.0,1163.0,1123.0,1154.2,1131.8,1156.71,1130.9
2017.04.11,1145.5,2.5,1165.54,1125.46,1156.7,1134.3,1159.24,1133.4
2017.04.12,1140.0,5.5,1159.95,1120.05,1151.1,1128.9,1153.68,1128.01
2017.04.13,1131.5,8.5,1151.3,1111.7,1142.5,1120.5,1145.07,1119.61
2017.04.14,1142.0,10.5,1161.98,1122.02,1153.1,1130.9,1155.7,1130.0
2017.04.17,1138.0,4.0,1157.91,1118.09,1149.1,1126.9,1151.65,1126.01
2017.04.18,1143.0,5.0,1163.0,1123.0,1154.2,1131.8,1156.71,1130.9
2017.04.19,1140.5,2.5,1160.45,1120.55,1151.6,1129.4,1154.18,1128.5
2017.04.20,1138.0,2.5,1157.91,1118.09,1149.1,1126.9,1151.65,1126.01
2017.04.21,1136.0,2.0,1155.88,1116.12,1147.1,1124.9,1149.63,1124.01
2017.04.24,1129.5,6.5,1149.26,1109.74,1140.5,1118.5,1143.05,1117.61
2017.04.25,1130.5,1.0,1150.28,1110.72,1141.5,1119.5,1144.06,1118.61
2017.04.26,1131.5,1.0,1151.3,1111.7,1142.5,1120.5,1145.07,1119.61
2017.04.27,1134.0,2.5,1153.84,1114.16,1145.1,1122.9,1147.6,1122.01
2017.04.28,1140.5,6.5,1160.45,1120.55,1151.6,1129.4,1154.18,1128.5
2017.05.02,1131.0,9.5,1150.79,1111.21,1142.0,1120.0,1144.57,1119.11
2017.05.04,1136.5,5.5,1156.38,1116.62,1147.6,1125.4,1150.13,1124.51
2017.05.08,1132.8,3.7,1152.62,1112.98,1143.9,1121.7,1146.39,1120.81
2017.05.10,1136.0,3.2,1155.88,1116.12,1147.1,1124.9,1149.63,1124.01
2017.05.11,1130.5,5.5,1150.28,1110.72,1141.5,1119.5,1144.06,1118.61
2017.05.12,1129.0,1.5,1148.75,1109.25,1140.0,1118.0,1142.54,1117.11
2017.05.15,1122.0,7.0,1141.63,1102.37,1132.9,1111.1,1135.46,1110.22
2017.05.16,1116.0,6.0,1135.53,1096.47,1126.9,1105.1,1129.39,1104.22
2017.05.17,1120.5,4.5,1140.1,1100.9,1131.4,1109.6,1133.94,1108.72
2017.05.18,1132.0,11.5,1151.81,1112.19,1143.0,1121.0,1145.58,1120.11
2017.05.19,1123.0,9.0,1142.65,1103.35,1134.0,1112.0,1136.47,1111.11
2017.05.22,1118.5,4.5,1138.07,1098.93,1129.4,1107.6,1131.92,1106.71
2017.05.23,1123.5,5.0,1143.16,1103.84,1134.5,1112.5,1136.98,1111.61
2017.05.24,1123.0,0.5,1142.65,1103.35,1134.0,1112.0,1136.47,1111.11
2017.05.25,1120.5,2.5,1140.1,1100.9,1131.4,1109.6,1133.94,1108.71
2017.05.26,1119.0,1.5,1138.58,1099.42,1129.9,1108.1,1132.42,1107.21
2017.05.29,1122.5,3.5,1142.14,1102.86,1133.5,1111.5,1135.97,1110.6
2017.05.30,1125.0,2.5,1144.68,1105.32,1136.0,1114.0,1138.5,1113.1
2017.05.31,1118.5,6.5,1138.07,1098.93,1129.4,1107.6,1131.92,1106.7
2017.06.01,1122.0,3.5,1141.63,1102.37,1132.9,1111.1,1135.46,1110.2
2017.06.02,1123.0,1.0,1142.65,1103.35,1134.0,1112.0,1136.47,1111.09
2017.06.05,1120.0,3.0,1139.6,1100.4,1130.9,1109.1,1133.44,1108.19
2017.06.07,1124.5,4.5,1144.17,1104.83,1135.5,1113.5,1137.99,1112.59
2017.06.08,1123.0,1.5,1142.65,1103.35,1134.0,1112.0,1136.47,1111.09
2017.06.09,1125.0,2.0,1144.68,1105.32,1136.0,1114.0,1138.5,1113.08
2017.06.12,1132.0,7.0,1151.81,1112.19,1143.0,1121.0,1145.58,1120.07
2017.06.13,1128.5,3.5,1148.24,1108.76,1139.5,1117.5,1142.04,1116.57
2017.06.14,1123.5,5.0,1143.16,1103.84,1134.5,1112.5,1136.98,1111.57
2017.06.15,1129.0,5.5,1148.75,1109.25,1140.0,1118.0,1142.54,1117.06
2017.06.16,1134.0,5.0,1153.84,1114.16,1145.1,1122.9,1147.6,1121.94
2017.06.19,1135.0,1.0,1154.86,1115.14,1146.1,1123.9,1148.62,1122.94
2017.06.20,1140.0,5.0,1159.95,1120.05,1151.1,1128.9,1153.68,1127.93
2017.06.21,1142.0,2.0,1161.98,1122.02,1153.1,1130.9,1155.7,1129.93
2017.06.22,1143.0,1.0,1163.0,1123.0,1154.2,1131.8,1156.71,1130.83
2017.06.23,1138.5,4.5,1158.42,1118.58,1149.6,1127.4,1152.16,1126.44
2017.06.26,1134.0,4.5,1153.84,1114.16,1145.1,1122.9,1147.6,1121.94
2017.06.27,1138.5,4.5,1158.42,1118.58,1149.6,1127.4,1152.16,1126.43
2017.06.28,1144.0,5.5,1164.02,1123.98,1155.2,1132.8,1157.72,1131.83
2017.06.29,1143.5,0.5,1163.51,1123.49,1154.7,1132.3,1157.22,1131.33
2017.06.30,1145.0,1.5,1165.03,1124.97,1156.2,1133.8,1158.74,1132.83
2017.07.03,1149.5,4.5,1169.61,1129.39,1160.7,1138.3,1163.29,1137.32
2017.07.04,1151.0,1.5,1171.14,1130.86,1162.2,1139.8,1164.81,1138.82
2017.07.05,1154.5,3.5,1174.7,1134.3,1165.8,1143.2,1168.35,1142.22
2017.07.06,1157.5,3.0,1177.75,1137.25,1168.8,1146.2,1171.39,1145.22
2017.07.07,1154.5,3.0,1174.7,1134.3,1165.8,1143.2,1168.35,1142.22
2017.07.10,1150.5,4.0,1170.63,1130.37,1161.7,1139.3,1164.3,1138.32
2017.07.11,1151.5,1.0,1171.65,1131.35,1162.7,1140.3,1165.31,1139.32
2017.07.12,1143.0,8.5,1163.0,1123.0,1154.2,1131.8,1156.71,1130.83
2017.07.13,1138.0,5.0,1157.91,1118.09,1149.1,1126.9,1151.65,1125.93
2017.07.14,1133.5,4.5,1153.33,1113.67,1144.6,1122.4,1147.1,1121.44
2017.07.17,1128.0,5.5,1147.74,1108.26,1139.0,1117.0,1141.53,1116.04
2017.07.18,1124.5,3.5,1144.17,1104.83,1135.5,1113.5,1137.99,1112.54
2017.07.19,1122.5,2.0,1142.14,1102.86,1133.5,1111.5,1135.97,1110.55
2017.07.20,1125.0,2.5,1144.68,1105.32,1136.0,1114.0,1138.5,1113.04
2017.07.21,1119.0,6.0,1138.58,1099.42,1129.9,1108.1,1132.42,1107.15
2017.07.24,1115.0,4.0,1134.51,1095.49,1125.9,1104.1,1128.38,1103.15
2017.07.25,1117.0,2.0,1136.54,1097.46,1127.9,1106.1,1130.4,1105.15
2017.07.26,1120.0,3.0,1139.6,1100.4,1130.9,1109.1,1133.44,1108.15
2017.07.27,1115.3,4.7,1134.81,1095.79,1126.2,1104.4,1128.68,1103.45
2017.07.28,1123.0,7.7,1142.65,1103.35,1134.0,1112.0,1136.47,1111.04
2017.07.31,1120.5,2.5,1140.1,1100.9,1131.4,1109.6,1133.94,1108.65
2017.08.01,1123.0,2.5,1142.65,1103.35,1134.0,1112.0,1136.47,1111.04
2017.08.02,1124.5,1.5,1144.17,1104.83,1135.5,1113.5,1137.99,1112.54
2017.08.03,1128.5,4.0,1148.24,1108.76,1139.5,1117.5,1142.04,1116.54
2017.08.04,1126.0,2.5,1145.7,1106.3,1137.0,1115.0,1139.51,1114.04
2017.08.07,1130.0,4.0,1149.77,1110.23,1141.0,1119.0,1143.56,1118.04
2017.08.08,1126.5,3.5,1146.21,1106.79,1137.5,1115.5,1140.01,1114.54
2017.08.09,1139.5,13.0,1159.44,1119.56,1150.6,1128.4,1153.17,1127.43
2017.08.10,1142.0,2.5,1161.98,1122.02,1153.1,1130.9,1155.7,1129.93
2017.08.11,1145.5,3.5,1165.54,1125.46,1156.7,1134.3,1159.24,1133.33
2017.08.14,1141.5,4.0,1161.47,1121.53,1152.6,1130.4,1155.19,1129.43
2017.08.16,1140.0,1.5,1159.95,1120.05,1151.1,1128.9,1153.68,1127.93
2017.08.17,1139.5,0.5,1159.44,1119.56,1150.6,1128.4,1153.17,1127.43
2017.08.18,1141.5,2.0,1161.47,1121.53,1152.6,1130.4,1155.19,1129.43
2017.08.21,1139.5,2.0,1159.44,1119.56,1150.6,1128.4,1153.17,1127.43
2017.08.22,1134.5,5.0,1154.35,1114.65,1145.6,1123.4,1148.11,1122.43
2017.08.23,1132.0,2.5,1151.81,1112.19,1143.0,1121.0,1145.58,1120.03
2017.08.24,1128.0,4.0,1147.74,1108.26,1139.0,1117.0,1141.53,1116.04
2017.08.25,1127.0,1.0,1146.72,1107.28,1138.0,1116.0,1140.52,1115.04
2017.08.28,1121.0,6.0,1140.61,1101.39,1131.9,1110.1,1134.45,1109.14
2017.08.29,1126.0,5.0,1145.7,1106.3,1137.0,1115.0,1139.51,1114.04
2017.08.30,1125.5,0.5,1145.19,1105.81,1136.5,1114.5,1139.0,1113.54
2017.08.31,1127.0,1.5,1146.72,1107.28,1138.0,1116.0,1140.52,1115.04
2017.09.01,1120.5,6.5,1140.1,1100.9,1131.4,1109.6,1133.94,1108.65
2017.09.04,1131.5,11.0,1151.3,1111.7,1142.5,1120.5,1145.07,1119.54
2017.09.05,1131.0,0.5,1150.79,1111.21,1142.0,1120.0,1144.57,1119.04
2017.09.06,1134.0,3.0,1153.84,1114.16,1145.1,1122.9,1147.6,1121.93
2017.09.07,1129.0,5.0,1148.75,1109.25,1140.0,1118.0,1142.54,1117.04
2017.09.08,1131.0,2.0,1150.79,1111.21,1142.0,1120.0,1144.57,1119.04
2017.09.11,1135.0,4.0,1154.86,1115.14,1146.1,1123.9,1148.62,1122.93
2017.09.12,1130.0,5.0,1149.77,1110.23,1141.0,1119.0,1143.56,1118.04
2017.09.13,1128.5,1.5,1148.24,1108.76,1139.5,1117.5,1142.04,1116.54
2017.09.14,1136.0,7.5,1155.88,1116.12,1147.1,1124.9,1149.63,1123.93
2017.09.15,1132.5,3.5,1152.31,1112.69,1143.5,1121.5,1146.09,1120.54
2017.09.18,1128.5,4.0,1148.24,1108.76,1139.5,1117.5,1142.04,1116.54
2017.09.19,1131.5,3.0,1151.3,1111.7,1142.5,1120.5,1145.07,1119.54
2017.09.20,1129.5,2.0,1149.26,1109.74,1140.5,1118.5,1143.05,1117.54
2017.09.21,1134.0,4.5,1153.84,1114.16,1145.1,1122.9,1147.6,1121.93
2017.09.22,1134.5,0.5,1154.35,1114.65,1145.6,1123.4,1148.11,1122.43
2017.09.25,1134.5,0.0,1154.35,1114.65,1145.6,1123.4,1148.11,1122.43
2017.09.26,1139.1,4.6,1159.03,1119.17,1150.2,1128.0,1152.76,1127.03
2017.09.27,1144.5,5.4,1164.52,1124.48,1155.7,1133.3,1158.23,1132.32
2017.09.28,1148.0,3.5,1168.09,1127.91,1159.2,1136.8,1161.77,1135.82
2017.09.29,1146.5,1.5,1166.56,1126.44,1157.7,1135.3,1160.25,1134.32
2017.10.10,1135.0,11.5,1154.86,1115.14,1146.1,1123.9,1148.62,1122.93
2017.10.11,1135.0,0.0,1154.86,1115.14,1146.1,1123.9,1148.62,1122.93
2017.10.12,1134.0,1.0,1153.84,1114.16,1145.1,1122.9,1147.6,1121.93
2017.10.13,1127.5,6.5,1147.23,1107.77,1138.5,1116.5,1141.03,1115.54
2017.10.16,1129.0,1.5,1148.75,1109.25,1140.0,1118.0,1142.54,1117.04
2017.10.17,1132.5,3.5,1152.31,1112.69,1143.5,1121.5,1146.09,1120.53
2017.10.18,1132.6,0.1,1152.42,1112.78,1143.6,1121.6,1146.19,1120.63
2017.10.19,1133.0,0.4,1152.82,1113.18,1144.1,1121.9,1146.59,1120.93
2017.10.20,1132.5,0.5,1152.31,1112.69,1143.5,1121.5,1146.09,1120.53
2017.10.23,1131.0,1.5,1150.79,1111.21,1142.0,1120.0,1144.57,1119.03
2017.10.24,1130.0,1.0,1149.77,1110.23,1141.0,1119.0,1143.56,1118.04
2017.10.25,1127.5,2.5,1147.23,1107.77,1138.5,1116.5,1141.03,1115.54
2017.10.26,1125.5,2.0,1145.19,1105.81,1136.5,1114.5,1139.0,1113.54
2017.10.27,1131.0,5.5,1150.79,1111.21,1142.0,1120.0,1144.57,1119.03
2017.10.30,1125.0,6.0,1144.68,1105.32,1136.0,1114.0,1138.5,1113.04
2017.10.31,1119.5,5.5,1139.09,1099.91,1130.4,1108.6,1132.93,1107.64
2017.11.01,1115.0,4.5,1134.51,1095.49,1125.9,1104.1,1128.38,1103.15
2017.11.02,1113.5,1.5,1132.98,1094.02,1124.4,1102.6,1126.86,1101.65
2017.11.03,1115.5,2.0,1135.02,1095.98,1126.4,1104.6,1128.88,1103.65
2017.11.06,1114.5,1.0,1134.0,1095.0,1125.4,1103.6,1127.87,1102.65
2017.11.07,1113.5,1.0,1132.98,1094.02,1124.4,1102.6,1126.86,1101.65
2017.11.08,1115.4,1.9,1134.91,1095.89,1126.3,1104.5,1128.78,1103.55
2017.11.09,1119.0,3.6,1138.58,1099.42,1129.9,1108.1,1132.42,1107.14
2017.11.10,1119.6,0.6,1139.19,1100.01,1130.5,1108.7,1133.03,1107.74
2017.11.13,1121.0,1.4,1140.61,1101.39,1131.9,1110.1,1134.45,1109.14
2017.11.14,1118.0,3.0,1137.56,1098.44,1128.9,1107.1,1131.41,1106.14
2017.11.15,1108.0,10.0,1127.39,1088.61,1118.8,1097.2,1121.29,1096.25
2017.11.16,1099.0,9.0,1118.23,1079.77,1109.7,1088.3,1112.18,1087.35
2017.11.17,1099.5,0.5,1118.74,1080.26,1110.2,1088.8,1112.69,1087.85
2017.11.20,1099.5,0.0,1118.74,1080.26,1110.2,1088.8,1112.69,1087.85
2017.11.21,1093.0,6.5,1112.12,1073.88,1103.7,1082.3,1106.11,1081.35
2017.11.22,1091.5,1.5,1110.6,1072.4,1102.1,1080.9,1104.59,1079.95
2017.11.23,1086.0,5.5,1105.0,1067.0,1096.6,1075.4,1099.03,1074.45
2017.11.24,1086.5,0.5,1105.51,1067.49,1097.1,1075.9,1099.53,1074.95
2017.11.27,1089.5,3.0,1108.56,1070.44,1100.1,1078.9,1102.57,1077.94
2017.11.28,1082.0,7.5,1100.93,1063.07,1092.6,1071.4,1094.98,1070.44
2017.11.29,1079.0,3.0,1097.88,1060.12,1089.5,1068.5,1091.94,1067.55
2017.11.30,1088.0,9.0,1107.04,1068.96,1098.6,1077.4,1101.05,1076.43
2017.12.01,1087.0,1.0,1106.02,1067.98,1097.6,1076.4,1100.04,1075.43
2017.12.04,1088.0,1.0,1107.04,1068.96,1098.6,1077.4,1101.05,1076.43
2017.12.05,1088.0,0.0,1107.04,1068.96,1098.6,1077.4,1101.05,1076.43
2017.12.06,1093.5,5.5,1112.63,1074.37,1104.2,1082.8,1106.62,1081.82
2017.12.07,1094.5,1.0,1113.65,1075.35,1105.2,1083.8,1107.63,1082.82
2017.12.08,1095.0,0.5,1114.16,1075.84,1105.7,1084.3,1108.14,1083.31
2017.12.11,1092.0,3.0,1111.11,1072.89,1102.7,1081.3,1105.1,1080.31
2017.12.12,1091.5,0.5,1110.6,1072.4,1102.1,1080.9,1104.59,1079.9
2017.12.13,1092.5,1.0,1111.61,1073.39,1103.2,1081.8,1105.61,1080.8
2017.12.14,1089.0,3.5,1108.05,1069.95,1099.6,1078.4,1102.06,1077.4
2017.12.15,1090.0,1.0,1109.07,1070.93,1100.6,1079.4,1103.08,1078.39
2017.12.18,1088.5,1.5,1107.54,1069.46,1099.1,1077.9,1101.56,1076.89
2017.12.19,1085.0,3.5,1103.98,1066.02,1095.6,1074.4,1098.02,1073.4
2017.12.20,1083.5,1.5,1102.46,1064.54,1094.1,1072.9,1096.5,1071.89
2017.12.21,1082.2,1.3,1101.13,1063.27,1092.8,1071.6,1095.18,1070.59
2017.12.22,1080.0,2.2,1098.9,1061.1,1090.5,1069.5,1092.96,1068.48
2017.12.26,1076.0,4.0,1094.83,1057.17,1086.5,1065.5,1088.91,1064.48
2017.12.27,1076.0,0.0,1094.83,1057.17,1086.5,1065.5,1088.91,1064.48
2017.12.28,1071.0,5.0,1089.74,1052.26,1081.4,1060.6,1083.85,1059.59
2017.12.29,1068.5,2.5,1087.19,1049.81,1078.9,1058.1,1081.32,1057.09
2018.01.02,1063.5,5.0,1082.11,1044.89,1073.9,1053.1,1076.26,1052.1
2018.01.03,1067.0,3.5,1085.67,1048.33,1077.4,1056.6,1079.8,1055.59
2018.01.04,1064.5,2.5,1083.12,1045.88,1074.9,1054.1,1077.27,1053.1
2018.01.05,1064.5,0.0,1083.12,1045.88,1074.9,1054.1,1077.27,1053.1
2018.01.08,1068.0,3.5,1086.69,1049.31,1078.4,1057.6,1080.81,1056.6
2018.01.09,1070.0,2.0,1088.72,1051.28,1080.4,1059.6,1082.84,1058.59
2018.01.10,1070.0,0.0,1088.72,1051.28,1080.4,1059.6,1082.84,1058.59
2018.01.11,1071.5,1.5,1090.25,1052.75,1082.0,1061.0,1084.35,1059.99
2018.01.12,1065.0,6.5,1083.63,1046.37,1075.4,1054.6,1077.78,1053.6
2018.01.15,1065.5,0.5,1084.14,1046.86,1075.9,1055.1,1078.28,1054.1
2018.01.16,1064.8,0.7,1083.43,1046.17,1075.2,1054.4,1077.57,1053.4
2018.01.17,1070.5,5.7,1089.23,1051.77,1080.9,1060.1,1083.34,1059.09
2018.01.18,1070.5,0.0,1089.23,1051.77,1080.9,1060.1,1083.34,1059.09
2018.01.19,1068.5,2.0,1087.19,1049.81,1078.9,1058.1,1081.32,1057.09
2018.01.22,1071.5,3.0,1090.25,1052.75,1082.0,1061.0,1084.35,1059.99
2018.01.23,1076.5,5.0,1095.33,1057.67,1087.0,1066.0,1089.41,1064.99
2018.01.24,1068.0,8.5,1086.69,1049.31,1078.4,1057.6,1080.81,1056.59
2018.01.25,1062.5,5.5,1081.09,1043.91,1072.9,1052.1,1075.25,1051.1
2018.01.26,1066.5,4.0,1085.16,1047.84,1076.9,1056.1,1079.29,1055.09
2018.01.29,1071.8,5.3,1090.55,1053.05,1082.3,1061.3,1084.66,1060.29
2018.01.30,1072.0,0.2,1090.76,1053.24,1082.5,1061.5,1084.86,1060.49
2018.01.31,1068.0,4.0,1086.69,1049.31,1078.4,1057.6,1080.81,1056.59
2018.02.01,1073.0,5.0,1091.77,1054.23,1083.5,1062.5,1085.87,1061.48
2018.02.02,1086.5,13.5,1105.51,1067.49,1097.1,1075.9,1099.53,1074.87
2018.02.05,1090.5,4.0,1109.58,1071.42,1101.1,1079.9,1103.58,1078.87
2018.02.06,1088.0,2.5,1107.04,1068.96,1098.6,1077.4,1101.05,1076.37
2018.02.07,1085.0,3.0,1103.98,1066.02,1095.6,1074.4,1098.02,1073.37
2018.02.08,1091.0,6.0,1110.09,1071.91,1101.6,1080.4,1104.09,1079.37
2018.02.09,1091.0,0.0,1110.09,1071.91,1101.6,1080.4,1104.09,1079.37
2018.02.12,1085.0,6.0,1103.98,1066.02,1095.6,1074.4,1098.02,1073.37
2018.02.13,1085.0,0.0,1103.98,1066.02,1095.6,1074.4,1098.02,1073.37
2018.02.14,1079.0,6.0,1097.88,1060.12,1089.5,1068.5,1091.94,1067.47
2018.02.19,1068.5,10.5,1087.19,1049.81,1078.9,1058.1,1081.32,1057.08
2018.02.20,1074.0,5.5,1092.79,1055.21,1084.5,1063.5,1086.88,1062.48
2018.02.21,1076.0,2.0,1094.83,1057.17,1086.5,1065.5,1088.91,1064.48
2018.02.22,1084.0,8.0,1102.97,1065.03,1094.6,1073.4,1097.0,1072.37
2018.02.23,1078.5,5.5,1097.37,1059.63,1089.0,1068.0,1091.44,1066.97
2018.02.26,1072.5,6.0,1091.26,1053.74,1083.0,1062.0,1085.37,1060.97
2018.02.27,1072.0,0.5,1090.76,1053.24,1082.5,1061.5,1084.86,1060.46
2018.02.28,1082.5,10.5,1101.44,1063.56,1093.1,1071.9,1095.49,1070.85
2018.03.02,1083.0,0.5,1101.95,1064.05,1093.6,1072.4,1095.99,1071.34
2018.03.05,1081.5,1.5,1100.42,1062.58,1092.0,1071.0,1094.47,1069.94
2018.03.06,1071.0,10.5,1089.74,1052.26,1081.4,1060.6,1083.85,1059.55
2018.03.07,1069.5,1.5,1088.21,1050.79,1079.9,1059.1,1082.33,1058.05
2018.03.08,1072.0,2.5,1090.76,1053.24,1082.5,1061.5,1084.86,1060.44
2018.03.09,1071.2,0.8,1089.94,1052.46,1081.6,1060.8,1084.05,1059.74
2018.03.12,1067.5,3.7,1086.18,1048.82,1077.9,1057.1,1080.31,1056.04
2018.03.13,1065.0,2.5,1083.63,1046.37,1075.4,1054.6,1077.78,1053.54
2018.03.14,1064.5,0.5,1083.12,1045.88,1074.9,1054.1,1077.27,1053.03
2018.03.15,1066.5,2.0,1085.16,1047.84,1076.9,1056.1,1079.29,1055.03
2018.03.16,1068.5,2.0,1087.19,1049.81,1078.9,1058.1,1081.32,1057.02
2018.03.19,1074.0,5.5,1092.79,1055.21,1084.5,1063.5,1086.88,1062.41
2018.03.20,1071.5,2.5,1090.25,1052.75,1082.0,1061.0,1084.35,1059.91
2018.03.21,1072.0,0.5,1090.76,1053.24,1082.5,1061.5,1084.86,1060.4
2018.03.22,1080.0,8.0,1098.9,1061.1,1090.5,1069.5,1092.96,1068.39
2018.03.23,1079.0,1.0,1097.88,1060.12,1089.5,1068.5,1091.94,1067.39
2018.03.26,1079.5,0.5,1098.39,1060.61,1090.0,1069.0,1092.45,1067.89
2018.03.27,1074.0,5.5,1092.79,1055.21,1084.5,1063.5,1086.88,1062.39
2018.03.28,1069.0,5.0,1087.7,1050.3,1079.4,1058.6,1081.82,1057.5
2018.03.29,1066.0,3.0,1084.65,1047.35,1076.4,1055.6,1078.79,1054.5
2018.03.30,1063.0,3.0,1081.6,1044.4,1073.4,1052.6,1075.75,1051.5
2018.04.02,1055.5,7.5,1073.97,1037.03,1065.8,1045.2,1068.16,1044.11
2018.04.03,1056.0,0.5,1074.48,1037.52,1066.3,1045.7,1068.67,1044.61
2018.04.04,1064.0,8.0,1082.62,1045.38,1074.4,1053.6,1076.76,1052.5
2018.04.05,1060.0,4.0,1078.55,1041.45,1070.3,1049.7,1072.72,1048.6
2018.04.06,1069.0,9.0,1087.7,1050.3,1079.4,1058.6,1081.82,1057.49
2018.04.09,1069.5,0.5,1088.21,1050.79,1079.9,1059.1,1082.33,1057.99
2018.04.10,1068.0,1.5,1086.69,1049.31,1078.4,1057.6,1080.81,1056.49
2018.04.11,1069.5,1.5,1088.21,1050.79,1079.9,1059.1,1082.33,1057.99
2018.04.12,1072.0,2.5,1090.76,1053.24,1082.5,1061.5,1084.86,1060.39
2018.04.13,1069.0,3.0,1087.7,1050.3,1079.4,1058.6,1081.82,1057.49
2018.04.16,1073.5,4.5,1092.28,1054.72,1084.0,1063.0,1086.38,1061.89
2018.04.17,1069.5,4.0,1088.21,1050.79,1079.9,1059.1,1082.33,1057.99
2018.04.18,1066.0,3.5,1084.65,1047.35,1076.4,1055.6,1078.79,1054.5
2018.04.19,1062.0,4.0,1080.58,1043.42,1072.4,1051.6,1074.74,1050.5
2018.04.20,1070.5,8.5,1089.23,1051.77,1080.9,1060.1,1083.34,1058.99
2018.04.23,1077.0,6.5,1095.84,1058.16,1087.5,1066.5,1089.92,1065.38
2018.04.24,1078.0,1.0,1096.86,1059.14,1088.5,1067.5,1090.93,1066.38
2018.04.25,1082.5,4.5,1101.44,1063.56,1093.1,1071.9,1095.49,1070.78
2018.04.26,1077.0,5.5,1095.84,1058.16,1087.5,1066.5,1089.92,1065.38
2018.04.27,1073.0,4.0,1091.77,1054.23,1083.5,1062.5,1085.87,1061.39
2018.04.30,1070.5,2.5,1089.23,1051.77,1080.9,1060.1,1083.34,1058.99
2018.05.02,1076.5,6.0,1095.33,1057.67,1087.0,1066.0,1089.41,1064.88
2018.05.03,1075.5,1.0,1094.32,1056.68,1086.0,1065.0,1088.4,1063.88
2018.05.04,1077.0,1.5,1095.84,1058.16,1087.5,1066.5,1089.92,1065.38
2018.05.08,1079.0,2.0,1097.88,1060.12,1089.5,1068.5,1091.94,1067.37
2018.05.09,1079.0,0.0,1097.88,1060.12,1089.5,1068.5,1091.94,1067.37
2018.05.10,1072.0,7.0,1090.76,1053.24,1082.5,1061.5,1084.86,1060.38
2018.05.11,1067.0,5.0,1085.67,1048.33,1077.4,1056.6,1079.8,1055.49
2018.05.14,1069.5,2.5,1088.21,1050.79,1079.9,1059.1,1082.33,1057.99
2018.05.15,1077.0,7.5,1095.84,1058.16,1087.5,1066.5,1089.92,1065.37
2018.05.16,1081.5,4.5,1100.42,1062.58,1092.0,1071.0,1094.47,1069.87
2018.05.17,1081.0,0.5,1099.91,1062.09,1091.5,1070.5,1093.97,1069.37
2018.05.18,1082.0,1.0,1100.93,1063.07,1092.6,1071.4,1094.98,1070.26
2018.05.21,1085.4,3.4,1104.39,1066.41,1096.0,1074.8,1098.42,1073.66
2018.05.23,1082.5,2.9,1101.44,1063.56,1093.1,1071.9,1095.49,1070.76
2018.05.24,1079.0,3.5,1097.88,1060.12,1089.5,1068.5,1091.94,1067.36
2018.05.25,1079.0,0.0,1097.88,1060.12,1089.5,1068.5,1091.94,1067.36
2018.05.28,1075.0,4.0,1093.81,1056.19,1085.5,1064.5,1087.9,1063.36
2018.05.29,1080.0,5.0,1098.9,1061.1,1090.5,1069.5,1092.96,1068.36
2018.05.30,1080.0,0.0,1098.9,1061.1,1090.5,1069.5,1092.96,1068.36
2018.05.31,1078.0,2.0,1096.86,1059.14,1088.5,1067.5,1090.93,1066.36
2018.06.01,1075.5,2.5,1094.32,1056.68,1086.0,1065.0,1088.4,1063.86
2018.06.04,1070.0,5.5,1088.72,1051.28,1080.4,1059.6,1082.84,1058.46
2018.06.05,1071.0,1.0,1089.74,1052.26,1081.4,1060.6,1083.85,1059.46
2018.06.07,1069.5,1.5,1088.21,1050.79,1079.9,1059.1,1082.33,1057.95
2018.06.08,1077.0,7.5,1095.84,1058.16,1087.5,1066.5,1089.92,1065.34
2018.06.11,1075.5,1.5,1094.32,1056.68,1086.0,1065.0,1088.4,1063.84
2018.06.12,1078.0,2.5,1096.86,1059.14,1088.5,1067.5,1090.93,1066.34
2018.06.14,1082.5,4.5,1101.44,1063.56,1093.1,1071.9,1095.49,1070.73
2018.06.15,1099.0,16.5,1118.23,1079.77,1109.7,1088.3,1112.18,1087.1
2018.06.18,1104.5,5.5,1123.82,1085.18,1115.3,1093.7,1117.75,1092.5
2018.06.19,1116.0,11.5,1135.53,1096.47,1126.9,1105.1,1129.39,1103.89
2018.06.20,1106.5,9.5,1125.86,1087.14,1117.3,1095.7,1119.77,1094.5
2018.06.21,1112.5,6.0,1131.96,1093.04,1123.4,1101.6,1125.85,1100.39
2018.06.22,1112.5,0.0,1131.96,1093.04,1123.4,1101.6,1125.85,1100.39
2018.06.25,1115.2,2.7,1134.71,1095.69,1126.1,1104.3,1128.58,1103.08
2018.06.26,1118.0,2.8,1137.56,1098.44,1128.9,1107.1,1131.41,1105.88
2018.06.27,1120.0,2.0,1139.6,1100.4,1130.9,1109.1,1133.44,1107.88
2018.06.28,1124.0,4.0,1143.67,1104.33,1135.0,1113.0,1137.48,1111.77
2018.06.29,1114.5,9.5,1134.0,1095.0,1125.4,1103.6,1127.87,1102.39
2018.07.02,1121.0,6.5,1140.61,1101.39,1131.9,1110.1,1134.45,1108.88
2018.07.03,1115.0,6.0,1134.51,1095.49,1125.9,1104.1,1128.38,1102.88
2018.07.04,1117.0,2.0,1136.54,1097.46,1127.9,1106.1,1130.4,1104.88
2018.07.05,1119.0,2.0,1138.58,1099.42,1129.9,1108.1,1132.42,1106.88
2018.07.06,1117.0,2.0,1136.54,1097.46,1127.9,1106.1,1130.4,1104.88
2018.07.09,1112.5,4.5,1131.96,1093.04,1123.4,1101.6,1125.85,1100.39
2018.07.10,1117.0,4.5,1136.54,1097.46,1127.9,1106.1,1130.4,1104.89
2018.07.11,1122.0,5.0,1141.63,1102.37,1132.9,1111.1,1135.46,1109.88
2018.07.12,1126.0,4.0,1145.7,1106.3,1137.0,1115.0,1139.51,1113.78
2018.07.13,1133.0,7.0,1152.82,1113.18,1144.1,1121.9,1146.59,1120.67
2018.07.16,1129.0,4.0,1148.75,1109.25,1140.0,1118.0,1142.54,1116.77
2018.07.17,1127.5,1.5,1147.23,1107.77,1138.5,1116.5,1141.03,1115.28
2018.07.18,1133.2,5.7,1153.03,1113.37,1144.3,1122.1,1146.79,1120.87
2018.07.19,1138.0,4.8,1157.91,1118.09,1149.1,1126.9,1151.65,1125.66
2018.07.20,1135.0,3.0,1154.86,1115.14,1146.1,1123.9,1148.62,1122.67
2018.07.23,1135.0,0.0,1154.86,1115.14,1146.1,1123.9,1148.62,1122.67
2018.07.24,1132.5,2.5,1152.31,1112.69,1143.5,1121.5,1146.09,1120.27
2018.07.25,1125.0,7.5,1144.68,1105.32,1136.0,1114.0,1138.5,1112.78
2018.07.26,1121.0,4.0,1140.61,1101.39,1131.9,1110.1,1134.45,1108.88
2018.07.27,1118.0,3.0,1137.56,1098.44,1128.9,1107.1,1131.41,1105.89
2018.07.30,1118.0,0.0,1137.56,1098.44,1128.9,1107.1,1131.41,1105.89
2018.07.31,1118.5,0.5,1138.07,1098.93,1129.4,1107.6,1131.92,1106.38
2018.08.01,1119.5,1.0,1139.09,1099.91,1130.4,1108.6,1132.93,1107.38
2018.08.02,1129.5,10.0,1149.26,1109.74,1140.5,1118.5,1143.05,1117.27
2018.08.03,1127.0,2.5,1146.72,1107.28,1138.0,1116.0,1140.52,1114.77
2018.08.06,1126.0,1.0,1145.7,1106.3,1137.0,1115.0,1139.51,1113.78
2018.08.07,1121.0,5.0,1140.61,1101.39,1131.9,1110.1,1134.45,1108.88
2018.08.08,1121.5,0.5,1141.12,1101.88,1132.4,1110.6,1134.95,1109.38
2018.08.09,1119.0,2.5,1138.58,1099.42,1129.9,1108.1,1132.42,1106.89
2018.08.10,1129.5,10.5,1149.26,1109.74,1140.5,1118.5,1143.05,1117.28
2018.08.13,1135.0,5.5,1154.86,1115.14,1146.1,1123.9,1148.62,1122.67
2018.08.14,1130.0,5.0,1149.77,1110.23,1141.0,1119.0,1143.56,1117.78
2018.08.16,1129.0,1.0,1148.75,1109.25,1140.0,1118.0,1142.54,1116.78
2018.08.17,1125.0,4.0,1144.68,1105.32,1136.0,1114.0,1138.5,1112.78
2018.08.20,1122.5,2.5,1142.14,1102.86,1133.5,1111.5,1135.97,1110.28
2018.08.21,1119.0,3.5,1138.58,1099.42,1129.9,1108.1,1132.42,1106.89
2018.08.22,1119.0,0.0,1138.58,1099.42,1129.9,1108.1,1132.42,1106.89
2018.08.23,1122.5,3.5,1142.14,1102.86,1133.5,1111.5,1135.97,1110.28
2018.08.24,1117.5,5.0,1137.05,1097.95,1128.4,1106.6,1130.91,1105.39
2018.08.27,1114.0,3.5,1133.49,1094.51,1124.9,1103.1,1127.36,1101.89
2018.08.28,1107.0,7.0,1126.37,1087.63,1117.8,1096.2,1120.28,1095.0
2018.08.29,1114.0,7.0,1133.49,1094.51,1124.9,1103.1,1127.36,1101.89
2018.08.30,1110.5,3.5,1129.93,1091.07,1121.3,1099.7,1123.82,1098.49
2018.08.31,1117.5,7.0,1137.05,1097.95,1128.4,1106.6,1130.91,1105.38
2018.09.03,1113.0,4.5,1132.47,1093.53,1123.9,1102.1,1126.35,1100.88
2018.09.04,1117.5,4.5,1137.05,1097.95,1128.4,1106.6,1130.91,1105.38
2018.09.05,1123.5,6.0,1143.16,1103.84,1134.5,1112.5,1136.98,1111.27
2018.09.06,1122.0,1.5,1141.63,1102.37,1132.9,1111.1,1135.46,1109.87
2018.09.07,1124.0,2.0,1143.67,1104.33,1135.0,1113.0,1137.48,1111.76
2018.09.10,1129.0,5.0,1148.75,1109.25,1140.0,1118.0,1142.54,1116.76
2018.09.11,1128.5,0.5,1148.24,1108.76,1139.5,1117.5,1142.04,1116.26
2018.09.12,1128.5,0.0,1148.24,1108.76,1139.5,1117.5,1142.04,1116.25
2018.09.13,1122.5,6.0,1142.14,1102.86,1133.5,1111.5,1135.97,1110.26
2018.09.14,1119.5,3.0,1139.09,1099.91,1130.4,1108.6,1132.93,1107.36
2018.09.17,1126.5,7.0,1146.21,1106.79,1137.5,1115.5,1140.01,1114.25
2018.09.18,1124.0,2.5,1143.67,1104.33,1135.0,1113.0,1137.48,1111.75
2018.09.19,1122.0,2.0,1141.63,1102.37,1132.9,1111.1,1135.46,1109.85
2018.09.20,1119.0,3.0,1138.58,1099.42,1129.9,1108.1,1132.42,1106.85
2018.09.21,1116.5,2.5,1136.03,1096.97,1127.4,1105.6,1129.89,1104.35
2018.09.27,1112.5,4.0,1131.96,1093.04,1123.4,1101.6,1125.85,1100.34
2018.09.28,1111.0,1.5,1130.44,1091.56,1121.8,1100.2,1124.33,1098.94
2018.10.01,1111.5,0.5,1130.95,1092.05,1122.3,1100.7,1124.83,1099.44
2018.10.02,1120.0,8.5,1139.6,1100.4,1130.9,1109.1,1133.44,1107.82
2018.10.04,1129.5,9.5,1149.26,1109.74,1140.5,1118.5,1143.05,1117.21
2018.10.05,1130.5,1.0,1150.28,1110.72,1141.5,1119.5,1144.06,1118.21
2018.10.08,1138.0,7.5,1157.91,1118.09,1149.1,1126.9,1151.65,1125.6
2018.10.10,1136.8,1.2,1156.69,1116.91,1147.9,1125.7,1150.44,1124.4
2018.10.11,1142.0,5.2,1161.98,1122.02,1153.1,1130.9,1155.7,1129.59
2018.10.12,1133.0,9.0,1152.82,1113.18,1144.1,1121.9,1146.59,1120.61
2018.10.15,1133.0,0.0,1152.82,1113.18,1144.1,1121.9,1146.59,1120.61
2018.10.16,1124.5,8.5,1144.17,1104.83,1135.5,1113.5,1137.99,1112.21
2018.10.17,1127.0,2.5,1146.72,1107.28,1138.0,1116.0,1140.52,1114.71
2018.10.18,1135.5,8.5,1155.37,1115.63,1146.6,1124.4,1149.12,1123.1
2018.10.19,1132.5,3.0,1152.31,1112.69,1143.5,1121.5,1146.09,1120.21
2018.10.22,1132.0,0.5,1151.81,1112.19,1143.0,1121.0,1145.58,1119.71
2018.10.23,1137.5,5.5,1157.4,1117.6,1148.6,1126.4,1151.15,1125.1
2018.10.24,1134.0,3.5,1153.84,1114.16,1145.1,1122.9,1147.6,1121.6
2018.10.25,1138.0,4.0,1157.91,1118.09,1149.1,1126.9,1151.65,1125.6
2018.10.26,1142.5,4.5,1162.49,1122.51,1153.6,1131.4,1156.21,1130.09
2018.10.29,1142.0,0.5,1161.98,1122.02,1153.1,1130.9,1155.7,1129.59
2018.10.30,1139.5,2.5,1159.44,1119.56,1150.6,1128.4,1153.17,1127.09
2018.10.31,1140.5,1.0,1160.45,1120.55,1151.6,1129.4,1154.18,1128.09
2018.11.01,1133.0,7.5,1152.82,1113.18,1144.1,1121.9,1146.59,1120.6
2018.11.02,1118.0,15.0,1137.56,1098.44,1128.9,1107.1,1131.41,1105.81
2018.11.05,1125.0,7.0,1144.68,1105.32,1136.0,1114.0,1138.5,1112.7
2018.11.06,1124.5,0.5,1144.17,1104.83,1135.5,1113.5,1137.99,1112.2
2018.11.07,1121.0,3.5,1140.61,1101.39,1131.9,1110.1,1134.45,1108.81
2018.11.08,1117.0,4.0,1136.54,1097.46,1127.9,1106.1,1130.4,1104.81
2018.11.09,1129.0,12.0,1148.75,1109.25,1140.0,1118.0,1142.54,1116.7
2018.11.12,1137.5,8.5,1157.4,1117.6,1148.6,1126.4,1151.15,1125.09
2018.11.13,1134.0,3.5,1153.84,1114.16,1145.1,1122.9,1147.6,1121.6
2018.11.14,1133.0,1.0,1152.82,1113.18,1144.1,1121.9,1146.59,1120.6
2018.11.15,1131.0,2.0,1150.79,1111.21,1142.0,1120.0,1144.57,1118.7
2018.11.16,1132.0,1.0,1151.81,1112.19,1143.0,1121.0,1145.58,1119.7
2018.11.19,1127.5,4.5,1147.23,1107.77,1138.5,1116.5,1141.03,1115.21
2018.11.20,1128.5,1.0,1148.24,1108.76,1139.5,1117.5,1142.04,1116.2
2018.11.21,1130.0,1.5,1149.77,1110.23,1141.0,1119.0,1143.56,1117.7
2018.11.22,1130.5,0.5,1150.28,1110.72,1141.5,1119.5,1144.06,1118.2
2018.11.23,1132.5,2.0,1152.31,1112.69,1143.5,1121.5,1146.09,1120.2
2018.11.26,1129.0,3.5,1148.75,1109.25,1140.0,1118.0,1142.54,1116.7
2018.11.27,1130.0,1.0,1149.77,1110.23,1141.0,1119.0,1143.56,1117.69
2018.11.28,1128.5,1.5,1148.24,1108.76,1139.5,1117.5,1142.04,1116.19
2018.11.29,1121.0,7.5,1140.61,1101.39,1131.9,1110.1,1134.45,1108.8
2018.11.30,1122.0,1.0,1141.63,1102.37,1132.9,1111.1,1135.46,1109.8
2018.12.03,1113.0,9.0,1132.47,1093.53,1123.9,1102.1,1126.35,1100.81
2018.12.04,1106.5,6.5,1125.86,1087.14,1117.3,1095.7,1119.77,1094.41
2018.12.05,1113.5,7.0,1132.98,1094.02,1124.4,1102.6,1126.86,1101.3
2018.12.06,1121.5,8.0,1141.12,1101.88,1132.4,1110.6,1134.95,1109.29
2018.12.07,1122.5,1.0,1142.14,1102.86,1133.5,1111.5,1135.97,1110.18
2018.12.10,1128.0,5.5,1147.74,1108.26,1139.0,1117.0,1141.53,1115.67
2018.12.11,1130.5,2.5,1150.28,1110.72,1141.5,1119.5,1144.06,1118.16
2018.12.12,1129.0,1.5,1148.75,1109.25,1140.0,1118.0,1142.54,1116.66
2018.12.13,1125.0,4.0,1144.68,1105.32,1136.0,1114.0,1138.5,1112.66
2018.12.14,1134.5,9.5,1154.35,1114.65,1145.6,1123.4,1148.11,1122.05
2018.12.17,1131.5,3.0,1151.3,1111.7,1142.5,1120.5,1145.07,1119.15
2018.12.18,1129.5,2.0,1149.26,1109.74,1140.5,1118.5,1143.05,1117.15
2018.12.19,1126.5,3.0,1146.21,1106.79,1137.5,1115.5,1140.01,1114.15
2018.12.20,1123.0,3.5,1142.65,1103.35,1134.0,1112.0,1136.47,1110.65
2018.12.21,1124.5,1.5,1144.17,1104.83,1135.5,1113.5,1137.99,1112.15
2018.12.24,1126.0,1.5,1145.7,1106.3,1137.0,1115.0,1139.51,1113.64
2018.12.26,1125.8,0.2,1145.5,1106.1,1136.8,1114.8,1139.3,1113.44
2018.12.27,1122.0,3.8,1141.63,1102.37,1132.9,1111.1,1135.46,1109.75
2018.12.28,1117.0,5.0,1136.54,1097.46,1127.9,1106.1,1130.4,1104.75
2018.12.31,1116.0,1.0,1135.53,1096.47,1126.9,1105.1,1129.39,1103.75
2019.01.02,1122.5,6.5,1142.14,1102.86,1133.5,1111.5,1135.97,1110.15
2019.01.03,1127.5,5.0,1147.23,1107.77,1138.5,1116.5,1141.03,1115.14
2019.01.04,1124.0,3.5,1143.67,1104.33,1135.0,1113.0,1137.48,1111.64
2019.01.07,1120.0,4.0,1139.6,1100.4,1130.9,1109.1,1133.44,1107.75
2019.01.08,1126.0,6.0,1145.7,1106.3,1137.0,1115.0,1139.51,1113.64
2019.01.09,1121.7,4.3,1141.32,1102.08,1132.6,1110.8,1135.16,1109.45
2019.01.10,1119.0,2.7,1138.58,1099.42,1129.9,1108.1,1132.42,1106.75
2019.01.11,1116.0,3.0,1135.53,1096.47,1126.9,1105.1,1129.39,1103.75
2019.01.14,1123.5,7.5,1143.16,1103.84,1134.5,1112.5,1136.98,1111.15
2019.01.15,1124.0,0.5,1143.67,1104.33,1135.0,1113.0,1137.48,1111.64
2019.01.16,1122.5,1.5,1142.14,1102.86,1133.5,1111.5,1135.97,1110.15
2019.01.17,1124.0,1.5,1143.67,1104.33,1135.0,1113.0,1137.48,1111.64
2019.01.18,1122.5,1.5,1142.14,1102.86,1133.5,1111.5,1135.97,1110.15
2019.01.21,1130.5,8.0,1150.28,1110.72,1141.5,1119.5,1144.06,1118.14
2019.01.22,1132.0,1.5,1151.81,1112.19,1143.0,1121.0,1145.58,1119.63
2019.01.23,1128.5,3.5,1148.24,1108.76,1139.5,1117.5,1142.04,1116.14
2019.01.24,1130.0,1.5,1149.77,1110.23,1141.0,1119.0,1143.56,1117.64
2019.01.25,1121.0,9.0,1140.61,1101.39,1131.9,1110.1,1134.45,1108.75
2019.01.28,1119.0,2.0,1138.58,1099.42,1129.9,1108.1,1132.42,1106.75
2019.01.29,1119.0,0.0,1138.58,1099.42,1129.9,1108.1,1132.42,1106.75
2019.01.30,1118.5,0.5,1138.07,1098.93,1129.4,1107.6,1131.92,1106.25
2019.01.31,1113.0,5.5,1132.47,1093.53,1123.9,1102.1,1126.35,1100.76
2019.02.01,1119.0,6.0,1138.58,1099.42,1129.9,1108.1,1132.42,1106.75
2019.02.07,1126.0,7.0,1145.7,1106.3,1137.0,1115.0,1139.51,1113.64
2019.02.08,1124.0,2.0,1143.67,1104.33,1135.0,1113.0,1137.48,1111.64
2019.02.11,1125.5,1.5,1145.19,1105.81,1136.5,1114.5,1139.0,1113.14
2019.02.12,1125.5,0.0,1145.19,1105.81,1136.5,1114.5,1139.0,1113.15
2019.02.13,1123.0,2.5,1142.65,1103.35,1134.0,1112.0,1136.47,1110.65
2019.02.14,1127.0,4.0,1146.72,1107.28,1138.0,1116.0,1140.52,1114.65
2019.02.15,1129.5,2.5,1149.26,1109.74,1140.5,1118.5,1143.05,1117.15
2019.02.18,1126.0,3.5,1145.7,1106.3,1137.0,1115.0,1139.51,1113.65
2019.02.19,1128.5,2.5,1148.24,1108.76,1139.5,1117.5,1142.04,1116.15
2019.02.20,1123.5,5.0,1143.16,1103.84,1134.5,1112.5,1136.98,1111.15
2019.02.21,1126.0,2.5,1145.7,1106.3,1137.0,1115.0,1139.51,1113.65
2019.02.22,1125.0,1.0,1144.68,1105.32,1136.0,1114.0,1138.5,1112.65
2019.02.25,1120.0,5.0,1139.6,1100.4,1130.9,1109.1,1133.44,1107.76
2019.02.26,1118.5,1.5,1138.07,1098.93,1129.4,1107.6,1131.92,1106.26
2019.02.27,1119.0,0.5,1138.58,1099.42,1129.9,1108.1,1132.42,1106.76
2019.02.28,1124.0,5.0,1143.67,1104.33,1135.0,1113.0,1137.48,1111.65
2019.03.04,1127.0,3.0,1146.72,1107.28,1138.0,1116.0,1140.52,1114.65
2019.03.05,1126.5,0.5,1146.21,1106.79,1137.5,1115.5,1140.01,1114.15
2019.03.06,1129.0,2.5,1148.75,1109.25,1140.0,1118.0,1142.54,1116.65
2019.03.07,1129.5,0.5,1149.26,1109.74,1140.5,1118.5,1143.05,1117.14
2019.03.08,1137.0,7.5,1156.89,1117.11,1148.1,1125.9,1150.64,1124.53
2019.03.11,1134.5,2.5,1154.35,1114.65,1145.6,1123.4,1148.11,1122.04
2019.03.12,1131.0,3.5,1150.79,1111.21,1142.0,1120.0,1144.57,1118.64
2019.03.13,1132.5,1.5,1152.31,1112.69,1143.5,1121.5,1146.09,1120.14
2019.03.14,1136.0,3.5,1155.88,1116.12,1147.1,1124.9,1149.63,1123.54
2019.03.15,1136.5,0.5,1156.38,1116.62,1147.6,1125.4,1150.13,1124.04
2019.03.18,1133.5,3.0,1153.33,1113.67,1144.6,1122.4,1147.1,1121.04
2019.03.19,1130.5,3.0,1150.28,1110.72,1141.5,1119.5,1144.06,1118.14
2019.03.20,1130.5,0.0,1150.28,1110.72,1141.5,1119.5,1144.06,1118.14
2019.03.21,1129.0,1.5,1148.75,1109.25,1140.0,1118.0,1142.54,1116.64
2019.03.22,1134.0,5.0,1153.84,1114.16,1145.1,1122.9,1147.6,1121.54
2019.03.25,1134.0,0.0,1153.84,1114.16,1145.1,1122.9,1147.6,1121.54
2019.03.26,1134.0,0.0,1153.84,1114.16,1145.1,1122.9,1147.6,1121.54
2019.03.27,1137.0,3.0,1156.89,1117.11,1148.1,1125.9,1150.64,1124.53
2019.03.28,1137.5,0.5,1157.4,1117.6,1148.6,1126.4,1151.15,1125.03
2019.03.29,1137.0,0.5,1156.89,1117.11,1148.1,1125.9,1150.64,1124.53
2019.04.01,1135.0,2.0,1154.86,1115.14,1146.1,1123.9,1148.62,1122.54
2019.04.02,1137.0,2.0,1156.89,1117.11,1148.1,1125.9,1150.64,1124.53
2019.04.03,1134.5,2.5,1154.35,1114.65,1145.6,1123.4,1148.11,1122.04
2019.04.04,1137.0,2.5,1156.89,1117.11,1148.1,1125.9,1150.64,1124.54
2019.04.05,1138.0,1.0,1157.91,1118.09,1149.1,1126.9,1151.65,1125.54
2019.04.08,1145.0,7.0,1165.03,1124.97,1156.2,1133.8,1158.74,1132.43
2019.04.09,1140.5,4.5,1160.45,1120.55,1151.6,1129.4,1154.18,1128.03
2019.04.10,1138.5,2.0,1158.42,1118.58,1149.6,1127.4,1152.16,1126.04
2019.04.11,1140.5,2.0,1160.45,1120.55,1151.6,1129.4,1154.18,1128.03
2019.04.12,1137.0,3.5,1156.89,1117.11,1148.1,1125.9,1150.64,1124.54
2019.04.15,1133.5,3.5,1153.33,1113.67,1144.6,1122.4,1147.1,1121.04
2019.04.16,1136.5,3.0,1156.38,1116.62,1147.6,1125.4,1150.13,1124.04
2019.04.17,1133.5,3.0,1153.33,1113.67,1144.6,1122.4,1147.1,1121.04
2019.04.18,1138.0,4.5,1157.91,1118.09,1149.1,1126.9,1151.65,1125.53
2019.04.19,1136.5,1.5,1156.38,1116.62,1147.6,1125.4,1150.13,1124.04
2019.04.22,1141.5,5.0,1161.47,1121.53,1152.6,1130.4,1155.19,1129.03
2019.04.23,1142.5,1.0,1162.49,1122.51,1153.6,1131.4,1156.21,1130.03
2019.04.24,1151.0,8.5,1171.14,1130.86,1162.2,1139.8,1164.81,1138.42
2019.04.25,1163.0,12.0,1183.35,1142.65,1174.3,1151.7,1176.95,1150.31
2019.04.26,1161.0,2.0,1181.31,1140.69,1172.3,1149.7,1174.93,1148.31
2019.04.29,1160.5,0.5,1180.8,1140.2,1171.8,1149.2,1174.42,1147.81
2019.04.30,1167.0,6.5,1187.42,1146.58,1178.4,1155.6,1181.0,1154.2
2019.05.02,1164.5,2.5,1184.87,1144.13,1175.9,1153.1,1178.47,1151.7
2019.05.03,1170.0,5.5,1190.47,1149.53,1181.4,1158.6,1184.04,1157.2
2019.05.07,1169.0,1.0,1189.45,1148.55,1180.4,1157.6,1183.02,1156.2
2019.05.08,1172.5,3.5,1193.01,1151.99,1183.9,1161.1,1186.57,1159.7
2019.05.09,1182.5,10.0,1203.19,1161.81,1194.0,1171.0,1196.69,1169.59
2019.05.10,1178.0,4.5,1198.61,1157.39,1189.5,1166.5,1192.13,1165.1
2019.05.13,1187.5,9.5,1208.28,1166.72,1199.1,1175.9,1201.75,1174.49
2019.05.14,1187.5,0.0,1208.28,1166.72,1199.1,1175.9,1201.75,1174.49
2019.05.15,1190.5,3.0,1211.33,1169.67,1202.1,1178.9,1204.78,1177.49
2019.05.16,1190.0,0.5,1210.82,1169.18,1201.6,1178.4,1204.28,1176.99
2019.05.17,1195.5,5.5,1216.42,1174.58,1207.2,1183.8,1209.84,1182.38
2019.05.20,1195.0,0.5,1215.91,1174.09,1206.7,1183.3,1209.34,1181.88
2019.05.21,1195.0,0.0,1215.91,1174.09,1206.7,1183.3,1209.34,1181.88
2019.05.22,1190.0,5.0,1210.82,1169.18,1201.6,1178.4,1204.28,1176.99
2019.05.23,1191.5,1.5,1212.35,1170.65,1203.1,1179.9,1205.79,1178.49
2019.05.24,1188.0,3.5,1208.79,1167.21,1199.6,1176.4,1202.25,1174.99
2019.05.27,1185.5,2.5,1206.24,1164.76,1197.1,1173.9,1199.72,1172.5
2019.05.28,1189.5,4.0,1210.31,1168.69,1201.1,1177.9,1203.77,1176.49
2019.05.29,1194.5,5.0,1215.4,1173.6,1206.2,1182.8,1208.83,1181.39
2019.05.30,1191.5,3.0,1212.35,1170.65,1203.1,1179.9,1205.79,1178.49
2019.05.31,1191.5,0.0,1212.35,1170.65,1203.1,1179.9,1205.79,1178.49
2019.06.03,1182.5,9.0,1203.19,1161.81,1194.0,1171.0,1196.69,1169.6
2019.06.04,1183.5,1.0,1204.21,1162.79,1195.0,1172.0,1197.7,1170.6
2019.06.05,1178.0,5.5,1198.61,1157.39,1189.5,1166.5,1192.13,1165.11
2019.06.07,1185.5,7.5,1206.24,1164.76,1197.1,1173.9,1199.72,1172.5
2019.06.10,1186.5,1.0,1207.26,1165.74,1198.1,1174.9,1200.73,1173.5
2019.06.11,1181.5,5.0,1202.17,1160.83,1193.0,1170.0,1195.67,1168.61
2019.06.12,1183.0,1.5,1203.7,1162.3,1194.5,1171.5,1197.19,1170.1
2019.06.13,1183.0,0.0,1203.7,1162.3,1194.5,1171.5,1197.19,1170.11
2019.06.14,1185.5,2.5,1206.24,1164.76,1197.1,1173.9,1199.72,1172.51
2019.06.17,1187.5,2.0,1208.28,1166.72,1199.1,1175.9,1201.75,1174.51
2019.06.18,1186.0,1.5,1206.75,1165.25,1197.6,1174.4,1200.23,1173.01
2019.06.19,1176.5,9.5,1197.08,1155.92,1188.0,1165.0,1190.61,1163.62
2019.06.20,1161.5,15.0,1181.82,1141.18,1172.8,1150.2,1175.43,1148.84
2019.06.21,1163.5,2.0,1183.86,1143.14,1174.9,1152.1,1177.46,1150.73
2019.06.24,1157.5,6.0,1177.75,1137.25,1168.8,1146.2,1171.39,1144.84
2019.06.25,1156.0,1.5,1176.23,1135.77,1167.3,1144.7,1169.87,1143.34
2019.06.26,1156.5,0.5,1176.73,1136.27,1167.8,1145.2,1170.37,1143.84
2019.06.27,1156.5,0.0,1176.73,1136.27,1167.8,1145.2,1170.37,1143.84
2019.06.28,1155.5,1.0,1175.72,1135.28,1166.8,1144.2,1169.36,1142.84
2019.07.01,1163.0,7.5,1183.35,1142.65,1174.3,1151.7,1176.95,1150.33
2019.07.02,1167.5,4.5,1187.93,1147.07,1178.9,1156.1,1181.51,1154.73
2019.07.03,1170.5,3.0,1190.98,1150.02,1181.9,1159.1,1184.54,1157.73
2019.07.04,1169.0,1.5,1189.45,1148.55,1180.4,1157.6,1183.02,1156.24
2019.07.05,1171.5,2.5,1192.0,1151.0,1182.9,1160.1,1185.55,1158.73
2019.07.08,1180.5,9.0,1201.15,1159.85,1192.0,1169.0,1194.66,1167.62
2019.07.09,1183.0,2.5,1203.7,1162.3,1194.5,1171.5,1197.19,1170.12
2019.07.10,1181.5,1.5,1202.17,1160.83,1193.0,1170.0,1195.67,1168.62
2019.07.11,1174.0,7.5,1194.54,1153.46,1185.5,1162.5,1188.08,1161.13
2019.07.12,1179.0,5.0,1199.63,1158.37,1190.5,1167.5,1193.14,1166.14
2019.07.15,1180.0,1.0,1200.65,1159.35,1191.5,1168.5,1194.16,1167.13
2019.07.16,1178.5,1.5,1199.12,1157.88,1190.0,1167.0,1192.64,1165.64
2019.07.17,1181.0,2.5,1201.66,1160.34,1192.5,1169.5,1195.17,1168.14
2019.07.18,1178.5,2.5,1199.12,1157.88,1190.0,1167.0,1192.64,1165.65
2019.07.19,1175.5,3.0,1196.07,1154.93,1187.0,1164.0,1189.6,1162.66
2019.07.22,1177.5,2.0,1198.1,1156.9,1189.0,1166.0,1191.63,1164.66
2019.07.23,1179.0,1.5,1199.63,1158.37,1190.5,1167.5,1193.14,1166.16
2019.07.24,1178.5,0.5,1199.12,1157.88,1190.0,1167.0,1192.64,1165.66
2019.07.25,1181.5,3.0,1202.17,1160.83,1193.0,1170.0,1195.67,1168.66
2019.07.26,1184.5,3.0,1205.22,1163.78,1196.1,1172.9,1198.71,1171.56
2019.07.29,1184.5,0.0,1205.22,1163.78,1196.1,1172.9,1198.71,1171.56
2019.07.30,1181.0,3.5,1201.66,1160.34,1192.5,1169.5,1195.17,1168.17
2019.07.31,1183.0,2.0,1203.7,1162.3,1194.5,1171.5,1197.19,1170.16
2019.08.01,1189.0,6.0,1209.8,1168.2,1200.6,1177.4,1203.26,1176.06
2019.08.02,1200.5,11.5,1221.5,1179.5,1212.2,1188.8,1214.9,1187.44
2019.08.05,1216.0,15.5,1237.28,1194.72,1227.9,1204.1,1230.59,1202.73
2019.08.06,1216.0,0.0,1237.28,1194.72,1227.9,1204.1,1230.59,1202.73
2019.08.07,1215.5,0.5,1236.77,1194.23,1227.4,1203.6,1230.08,1202.23
2019.08.08,1209.0,6.5,1230.15,1187.85,1220.8,1197.2,1223.5,1195.84
2019.08.09,1212.0,3.0,1233.21,1190.79,1223.8,1200.2,1226.54,1198.84
2019.08.12,1219.0,7.0,1240.33,1197.67,1230.9,1207.1,1233.62,1205.74
2019.08.13,1223.0,4.0,1244.4,1201.6,1234.9,1211.1,1237.67,1209.73
2019.08.14,1215.0,8.0,1236.26,1193.74,1226.9,1203.1,1229.58,1201.74
2019.08.16,1211.0,4.0,1232.19,1189.81,1222.8,1199.2,1225.53,1197.85
2019.08.19,1210.5,0.5,1231.68,1189.32,1222.3,1198.7,1225.02,1197.35
2019.08.20,1209.0,1.5,1230.15,1187.85,1220.8,1197.2,1223.5,1195.86
2019.08.21,1203.5,5.5,1224.56,1182.44,1215.2,1191.8,1217.94,1190.46
2019.08.22,1210.0,6.5,1231.17,1188.83,1221.8,1198.2,1224.52,1196.86
2019.08.23,1211.0,1.0,1232.19,1189.81,1222.8,1199.2,1225.53,1197.86
2019.08.26,1214.5,3.5,1235.75,1193.25,1226.4,1202.6,1229.07,1201.26
2019.08.27,1214.0,0.5,1235.24,1192.76,1225.8,1202.2,1228.56,1200.86
2019.08.28,1214.5,0.5,1235.75,1193.25,1226.4,1202.6,1229.07,1201.27
2019.08.29,1213.0,1.5,1234.22,1191.78,1224.8,1201.2,1227.55,1199.87
2019.08.30,1209.5,3.5,1230.66,1188.34,1221.3,1197.7,1224.01,1196.38
2019.09.02,1212.5,3.0,1233.71,1191.29,1224.3,1200.7,1227.05,1199.38
2019.09.03,1216.0,3.5,1237.28,1194.72,1227.9,1204.1,1230.59,1202.78
2019.09.04,1207.0,9.0,1228.12,1185.88,1218.8,1195.2,1221.48,1193.89
2019.09.05,1200.0,7.0,1221.0,1179.0,1211.7,1188.3,1214.4,1187.0
2019.09.06,1194.5,5.5,1215.4,1173.6,1206.2,1182.8,1208.83,1181.51
2019.09.09,1193.0,1.5,1213.87,1172.13,1204.6,1181.4,1207.31,1180.11
2019.09.10,1192.0,1.0,1212.86,1171.14,1203.6,1180.4,1206.3,1179.11
2019.09.11,1194.5,2.5,1215.4,1173.6,1206.2,1182.8,1208.83,1181.52
2019.09.16,1184.0,10.5,1204.72,1163.28,1195.6,1172.4,1198.2,1171.13
2019.09.17,1191.0,7.0,1211.84,1170.16,1202.6,1179.4,1205.29,1178.12
2019.09.18,1192.0,1.0,1212.86,1171.14,1203.6,1180.4,1206.3,1179.11
2019.09.19,1195.0,3.0,1215.91,1174.09,1206.7,1183.3,1209.34,1182.01
2019.09.20,1188.5,6.5,1209.29,1167.71,1200.1,1176.9,1202.76,1175.62
2019.09.23,1197.5,9.0,1218.45,1176.55,1209.2,1185.8,1211.87,1184.51
2019.09.24,1195.0,2.5,1215.91,1174.09,1206.7,1183.3,1209.34,1182.02
2019.09.25,1200.5,5.5,1221.5,1179.5,1212.2,1188.8,1214.9,1187.51
2019.09.26,1200.5,0.0,1221.5,1179.5,1212.2,1188.8,1214.9,1187.5
2019.09.27,1200.0,0.5,1221.0,1179.0,1211.7,1188.3,1214.4,1187.01
2019.09.30,1199.0,1.0,1219.98,1178.02,1210.7,1187.3,1213.38,1186.01
2019.10.01,1201.5,2.5,1222.52,1180.48,1213.2,1189.8,1215.91,1188.52
2019.10.02,1207.0,5.5,1228.12,1185.88,1218.8,1195.2,1221.48,1193.91
2019.10.04,1197.0,10.0,1217.94,1176.06,1208.7,1185.3,1211.36,1184.03
2019.10.07,1198.0,1.0,1218.96,1177.04,1209.7,1186.3,1212.37,1185.03
2019.10.08,1196.5,1.5,1217.43,1175.57,1208.2,1184.8,1210.85,1183.55
2019.10.10,1195.0,1.5,1215.91,1174.09,1206.7,1183.3,1209.34,1182.05
2019.10.11,1186.0,9.0,1206.75,1165.25,1197.6,1174.4,1200.23,1173.16
2019.10.14,1185.5,0.5,1206.24,1164.76,1197.1,1173.9,1199.72,1172.67
2019.10.15,1186.4,0.9,1207.16,1165.64,1198.0,1174.8,1200.63,1173.57
2019.10.16,1189.5,3.1,1210.31,1168.69,1201.1,1177.9,1203.77,1176.67
2019.10.17,1180.0,9.5,1200.65,1159.35,1191.5,1168.5,1194.16,1167.28
2019.10.18,1181.0,1.0,1201.66,1160.34,1192.5,1169.5,1195.17,1168.29
2019.10.21,1172.0,9.0,1192.51,1151.49,1183.4,1160.6,1186.06,1159.4
2019.10.22,1173.0,1.0,1193.52,1152.48,1184.4,1161.6,1187.07,1160.41
2019.10.23,1173.0,0.0,1193.52,1152.48,1184.4,1161.6,1187.07,1160.41
2019.10.24,1173.5,0.5,1194.03,1152.97,1185.0,1162.0,1187.58,1160.81
2019.10.25,1174.5,1.0,1195.05,1153.95,1186.0,1163.0,1188.59,1161.81
2019.10.28,1170.5,4.0,1190.98,1150.02,1181.9,1159.1,1184.54,1157.92
2019.10.29,1168.0,2.5,1188.44,1147.56,1179.4,1156.6,1182.01,1155.42
2019.10.30,1166.5,1.5,1186.91,1146.09,1177.9,1155.1,1180.49,1153.93
2019.10.31,1168.5,2.0,1188.94,1148.06,1179.9,1157.1,1182.52,1155.93
2019.11.01,1167.0,1.5,1187.42,1146.58,1178.4,1155.6,1181.0,1154.43
2019.11.04,1160.5,6.5,1180.8,1140.2,1171.8,1149.2,1174.42,1148.04
2019.11.05,1156.0,4.5,1176.23,1135.77,1167.3,1144.7,1169.87,1143.54
2019.11.06,1158.5,2.5,1178.77,1138.23,1169.8,1147.2,1172.4,1146.04
2019.11.07,1156.0,2.5,1176.23,1135.77,1167.3,1144.7,1169.87,1143.55
2019.11.08,1157.5,1.5,1177.75,1137.25,1168.8,1146.2,1171.39,1145.05
2019.11.11,1165.5,8.0,1185.89,1145.11,1176.9,1154.1,1179.48,1152.94
2019.11.12,1163.5,2.0,1183.86,1143.14,1174.9,1152.1,1177.46,1150.94
2019.11.13,1169.5,6.0,1189.96,1149.04,1180.9,1158.1,1183.53,1156.93
2019.11.14,1170.5,1.0,1190.98,1150.02,1181.9,1159.1,1184.54,1157.93
2019.11.15,1167.0,3.5,1187.42,1146.58,1178.4,1155.6,1181.0,1154.43
2019.11.18,1165.5,1.5,1185.89,1145.11,1176.9,1154.1,1179.48,1152.95
2019.11.19,1166.5,1.0,1186.91,1146.09,1177.9,1155.1,1180.49,1153.95
2019.11.20,1170.5,4.0,1190.98,1150.02,1181.9,1159.1,1184.54,1157.94
2019.11.21,1175.5,5.0,1196.07,1154.93,1187.0,1164.0,1189.6,1162.84
2019.11.22,1178.0,2.5,1198.61,1157.39,1189.5,1166.5,1192.13,1165.34
2019.11.25,1176.5,1.5,1197.08,1155.92,1188.0,1165.0,1190.61,1163.84
2019.11.26,1177.5,1.0,1198.1,1156.9,1189.0,1166.0,1191.63,1164.84
2019.11.27,1177.5,0.0,1198.1,1156.9,1189.0,1166.0,1191.63,1164.84
2019.11.28,1179.0,1.5,1199.63,1158.37,1190.5,1167.5,1193.14,1166.35
2019.11.29,1180.0,1.0,1200.65,1159.35,1191.5,1168.5,1194.16,1167.34
2019.12.02,1185.0,5.0,1205.73,1164.27,1196.6,1173.4,1199.22,1172.24
2019.12.03,1190.0,5.0,1210.82,1169.18,1201.6,1178.4,1204.28,1177.23
2019.12.04,1193.0,3.0,1213.87,1172.13,1204.6,1181.4,1207.31,1180.23
2019.12.05,1191.0,2.0,1211.84,1170.16,1202.6,1179.4,1205.29,1178.23
2019.12.06,1189.5,1.5,1210.31,1168.69,1201.1,1177.9,1203.77,1176.73
2019.12.09,1191.0,1.5,1211.84,1170.16,1202.6,1179.4,1205.29,1178.23
2019.12.10,1192.0,1.0,1212.86,1171.14,1203.6,1180.4,1206.3,1179.22
2019.12.11,1194.7,2.7,1215.6,1173.8,1206.4,1183.0,1209.03,1181.82
2019.12.12,1189.0,5.7,1209.8,1168.2,1200.6,1177.4,1203.26,1176.22
2019.12.13,1172.0,17.0,1192.51,1151.49,1183.4,1160.6,1186.06,1159.44
2019.12.16,1173.0,1.0,1193.52,1152.48,1184.4,1161.6,1187.07,1160.44
2019.12.17,1167.0,6.0,1187.42,1146.58,1178.4,1155.6,1181.0,1154.44
2019.12.18,1168.5,1.5,1188.94,1148.06,1179.9,1157.1,1182.52,1155.93
2019.12.19,1166.0,2.5,1186.4,1145.6,1177.4,1154.6,1179.99,1153.43
2019.12.20,1161.0,5.0,1181.31,1140.69,1172.3,1149.7,1174.93,1148.53
2019.12.23,1164.0,3.0,1184.37,1143.63,1175.4,1152.6,1177.96,1151.43
2019.12.24,1164.0,0.0,1184.37,1143.63,1175.4,1152.6,1177.96,1151.43
2019.12.26,1162.0,2.0,1182.33,1141.67,1173.3,1150.7,1175.94,1149.53
2019.12.27,1160.5,1.5,1180.8,1140.2,1171.8,1149.2,1174.42,1148.03
2019.12.30,1156.5,4.0,1176.73,1136.27,1167.8,1145.2,1170.37,1144.03
2019.12.31,1156.0,0.5,1176.23,1135.77,1167.3,1144.7,1169.87,1143.54
